Applicant Name,Email,Phone,Domain Applied,University,Application Date,Status
Joshua Blair,joshua.blair@example.com,033465787133,Data Science,IBA Karachi,2025-08-28,Rejected
Dr. Steven Martin,dr..steven.martin@example.com,030647468723,Data Science,FAST-NUCES,2025-11-21,Selected
Sherri Edwards,sherri.edwards@example.com,037672423884,Web Development,LUMS,2026-05-05,Under Review
Kathy Rivas,kathy.rivas@example.com,038727743487,Web Development,COMSATS,2026-03-22,Selected
Daniel Floyd,daniel.floyd@example.com,039577738721,Mobile App Development,UET Lahore,2025-11-16,Selected
Jonathan Lawrence,jonathan.lawrence@example.com,031718702621,Web Development,FAST-NUCES,2026-01-23,Selected
William Barrett,william.barrett@example.com,034090974395,UI/UX Design,Punjab University,2025-10-24,Under Review
Sherri Baker,sherri.baker@example.com,038281489325,Web Development,Punjab University,2026-11-05,Rejected
Zachary Rice,zachary.rice@example.com,038018451462,Mobile App Development,COMSATS,2026-01-18,Under Review
Angelica Keith,angelica.keith@example.com,033799650752,Data Science,COMSATS,,Rejected
Amanda Patel,amanda.patel@example.com,035185067165,Cybersecurity,UET Lahore,2026-03-25,Selected
Glen Sheppard,glen.sheppard@example.com,034711671902,UI/UX Design,COMSATS,2025-09-28,Selected
Jason Soto,jason.soto@example.com,033676320163,Web Development,Bahria University,2025-10-08,Rejected
Kelly Williams,kelly.williams@example.com,033172788957,Cybersecurity,FAST-NUCES,2026-03-17,Rejected
Daniel Cooper,daniel.cooper@example.com,034874016400,UI/UX Design,NUST,2025-12-05,Rejected
Lori Guerrero,lori.guerrero@example.com,033618324210,Data Science,COMSATS,2025-10-04,Rejected
Julian Chapman,julian.chapman@example.com,030103105183,Cybersecurity,FAST-NUCES,2025-11-14,Selected
Stacy Navarro,stacy.navarro@example.com,039401399049,Data Science,FAST-NUCES,2025-08-19,Selected
James Phillips,james.phillips@example.com,032366299468,Cybersecurity,IBA Karachi,2026-06-06,Under Review
Danny Skinner,not_provided@example.com,031712748467,UI/UX Design,Punjab University,2026-07-29,Rejected
Donna Perez,donna.perez@example.com,031611724005,Cybersecurity,Punjab University,2026-05-23,Under Review
Brittany Anderson,brittany.anderson@example.com,034505331586,Mobile App Development,Bahria University,2026-07-27,Rejected
Colin Terry,colin.terry@example.com,039636057662,Web Development,UET Lahore,2026-02-02,Selected
Joel Baxter,joel.baxter@example.com,031781080132,Cybersecurity,FAST-NUCES,2025-12-31,Under Review
Shane Garrison,shane.garrison@example.com,033375433036,Data Science,IBA Karachi,2025-12-03,Selected
Jesse Flowers,jesse.flowers@example.com,032553419283,Web Development,FAST-NUCES,2025-10-03,Under Review
Angela Dennis,angela.dennis@example.com,031822782489,Cybersecurity,Not Specified,2026-01-06,Selected
Brooke Ortiz,brooke.ortiz@example.com,039740344713,Cybersecurity,Bahria University,2026-07-09,Under Review
John Joseph,john.joseph@example.com,037014363495,UI/UX Design,IBA Karachi,2026-01-25,Under Review
David Ramirez,david.ramirez@example.com,039480831367,Mobile App Development,UET Lahore,2026-02-24,Under Review
Jessica Reese,jessica.reese@example.com,035574443135,UI/UX Design,Punjab University,2025-09-17,Rejected
Kevin Patterson,kevin.patterson@example.com,039909133412,Cybersecurity,FAST-NUCES,2025-10-31,Selected
Lauren Daniels,lauren.daniels@example.com,035009788208,Cybersecurity,COMSATS,2025-03-09,Under Review
Paula Moreno,paula.moreno@example.com,030957015430,UI/UX Design,Bahria University,2025-11-01,Selected
Kurt Leonard,kurt.leonard@example.com,033619399091,Mobile App Development,FAST-NUCES,2026-01-05,Rejected
Tracy Ramirez,tracy.ramirez@example.com,038685014294,Cybersecurity,Not Specified,2025-08-19,Rejected
Kevin Duarte,kevin.duarte@example.com,037278755886,Web Development,LUMS,2026-01-18,Selected
James Thomas,james.thomas@example.com,038692221969,Cybersecurity,GIKI,2026-04-12,Selected
Gina Schwartz,gina.schwartz@example.com,031586578091,UI/UX Design,COMSATS,2025-10-29,Selected
Billy Mitchell,billy.mitchell@example.com,034558122362,Mobile App Development,Not Specified,2026-04-20,Selected
Nicholas Nunez,nicholas.nunez@example.com,031065133387,Mobile App Development,LUMS,2025-09-25,Under Review
Elizabeth Mcknight,elizabeth.mcknight@example.com,031869993867,Data Science,FAST-NUCES,2026-07-03,Selected
Brian Gould,brian.gould@example.com,037452991241,Web Development,Punjab University,2026-03-04,Rejected
Kevin Cox,kevin.cox@example.com,032871012269,Mobile App Development,LUMS,2025-08-28,Under Review
Alec Ryan,alec.ryan@example.com,035310033092,Web Development,COMSATS,2025-10-31,Rejected
Haley Hartman,haley.hartman@example.com,036981693406,Web Development,Bahria University,2025-05-08,Selected
Lisa Davis,lisa.davis@example.com,033433200379,Web Development,Bahria University,2026-06-12,Selected
Michelle Graham,michelle.graham@example.com,038498776945,Mobile App Development,IBA Karachi,2026-06-12,Rejected
Michael Powell,michael.powell@example.com,032729806990,Data Science,Punjab University,2025-04-09,Rejected
William Bowman,william.bowman@example.com,038350305641,Mobile App Development,COMSATS,2025-10-21,Under Review
Juan Reyes,juan.reyes@example.com,039821465840,UI/UX Design,NUST,2025-11-16,Rejected
Pamela Lopez,pamela.lopez@example.com,033749894134,Data Science,Not Specified,2025-10-27,Selected
Alyssa Gonzalez,alyssa.gonzalez@example.com,038637940265,Web Development,Bahria University,2025-11-14,Under Review
Julie Pearson,julie.pearson@example.com,034296717565,UI/UX Design,NUST,2025-11-30,Rejected
Christina Dunn,christina.dunn@example.com,034771093248,Cybersecurity,NUST,2025-08-10,Under Review
Michele Carr,michele.carr@example.com,038084124118,Cybersecurity,IBA Karachi,2025-09-30,Selected
Tammy Young,tammy.young@example.com,032260256342,Cybersecurity,COMSATS,2026-05-20,Selected
Mr. Nathaniel Khan,mr..nathaniel.khan@example.com,039737631165,Mobile App Development,UET Lahore,2026-07-01,Selected
Paul Castaneda,paul.castaneda@example.com,036889373467,Web Development,Bahria University,2025-08-15,Under Review
Laura Odonnell,laura.odonnell@example.com,036631931491,Data Science,UET Lahore,2026-05-23,Selected
Kelly Donovan,kelly.donovan@example.com,033534624751,Data Science,NUST,2025-08-08,Selected
Jason Daniels,jason.daniels@example.com,036036690967,Data Science,Bahria University,2025-08-07,Rejected
David Campos,david.campos@example.com,032104709521,Cybersecurity,Bahria University,2026-03-07,Rejected
Sean White,sean.white@example.com,034653755646,Web Development,COMSATS,2025-05-11,Under Review
Kristine Garcia,kristine.garcia@example.com,038384251354,Mobile App Development,COMSATS,2025-01-10,Rejected
Allison Hill,allison.hill@example.com,033218196001,Web Development,FAST-NUCES,2025-10-24,Selected
Mr. David Little Md,mr..david.little.md@example.com,030748217594,UI/UX Design,UET Lahore,2026-03-26,Rejected
Juan Calderon,juan.calderon@example.com,039593103413,Data Science,FAST-NUCES,2026-06-18,Rejected
William Martin,william.martin@example.com,037868011280,Mobile App Development,Bahria University,2026-06-06,Selected
